{"timestamps": [1598489517.747888, 1598489605.789265, 1598489636.129698, 1598489653.843671, 1598489671.641388, 1598489699.836279, 1598489747.927821], "initial_reset_timestamp": 1598489465.8655, "episode_types": ["t", "t", "t", "t", "t", "t", "t", "t"], "episode_lengths": [49, 83, 28, 16, 16, 26, 45], "episode_rewards": [-0.5999999999999994, -4.170000000000007, -1.5599999999999998, -1.21, -1.38, -0.5099999999999998, -1.0499999999999994]}